quarter_code,fy,quarter,repo_rate_pct,cpi_inflation_yoy_pct,m3_growth_qoq_pct,m3_level_rs_crore,plr_midpoint_pct,exchange_rate_avg_inr_usd,exchange_rate_qoq_pct_change,fiscal_deficit_pct_gdp,gdp_current_prices_rs_crore,current_account_balance_usd_mn,trade_openness_pct_gdp,wpi_food_yoy_pct,brent_crude_avg_usd_barrel,brent_crude_yoy_pct,covid_dummy,delta_m3_rs_crore,fpi_debt_net_inflow_rs_crore,nri_deposit_net_inflow_rs_crore,external_money_rs_crore,delta_m3_4q_sum,external_money_4q_sum,govt_market_borrowings_net_rs_crore,govt_borrowings_4q_sum,money_source_index_MSI,gov_share_index
201106,2011-12,Apr-Jun 2011,7.5,,2.929025638137084,6697440.72,9.625,44.73949152542373,-1.175878617483872,7.709590785173883,,-17541.33,,,117.01245901639345,49.0809557887403,0,,43930.899999999994,5158.463372881356,49089.36337288135,,,155240.5,,,
201109,2011-12,Jul-Sep 2011,8.25,,2.6715715737759993,6878779.15,10.125,45.775333333333336,2.3152739841063585,7.709590785173883,2029469.17,-18891.77,44.76961018662169,,113.23507936507937,47.39652773944067,0,181338.43000000063,59322.7,12757.5854,72080.2854,,,155240.5,,,
201112,2011-12,Oct-Dec 2011,8.5,,4.85995588220689,7221341.55,10.375,51.02948275862069,11.478123790004858,7.709590785173883,2244852.23,-19953.94,43.7739031329439,,109.4208064516129,26.439572973899807,0,342562.39999999944,105715.6,16957.097120689657,122672.69712068967,,,155240.5,,,
201203,2011-12,Jan-Mar 2012,8.5,,1.871305031841075,7357747.18,10.375,50.314,-1.4020968270540002,7.709590785173883,2418511.13,-21767.95,42.45493881436055,,118.71064516129032,12.575636138931866,0,136405.6299999999,79848.3,23435.858688,103284.158688,,347126.504581571,155240.5,620962.0,,
201206,2012-13,Apr-Jun 2012,8.0,,5.274238503625028,7756228.37,10.25,54.22147540983607,7.766179214206925,4.929498735274192,2313203.09,-17093.42,44.130483914448845,,107.74983333333333,-7.915931141796129,0,398481.1900000004,58420.1,35529.2181985246,93949.31819852459,1058787.6500000004,391986.4594072142,163531.0,629252.5,0.3702219792677163,0.5943141667736678
201209,2012-13,Jul-Sep 2012,8.0,,0.7752415121785816,7816591.55,10.25,55.23508196721312,1.8693821031531277,4.929498735274192,2356953.27,-21128.97,44.3257080339729,,109.6284126984127,-3.185114265728972,0,60363.1799999997,77533.4,15718.96533147541,93252.3653314754,937812.3999999994,413158.5393386897,163531.0,637543.0,0.44055563707484563,0.6798193327364838
201212,2012-13,Oct-Dec 2012,8.0,,2.7391843834275065,8033661.81,10.125,54.13448275862069,-1.9925727805486515,4.929498735274192,2548377.83,-31769.89,42.75854119621901,,110.1478125,0.6644129868560222,0,217070.25999999978,109250.70000000001,14352.40474137931,123603.10474137933,812320.2599999998,414088.9469593793,163531.0,645833.5,0.5097607031977504,0.7950478792687015
201303,2012-13,Jan-Mar 2013,7.5,,4.337846859921335,8389818.68,9.975,54.1725,0.0702274030192962,4.929498735274192,2725478.91,-18170.47,41.63690220134559,,112.44333333333334,-5.279485946219631,0,356156.8700000001,34308.8,15136.500742500002,49445.3007425,1032071.5,360250.0890138793,163531.0,654124.0,0.3490553600345318,0.6337971739361081
201306,2013-14,Apr-Jun 2013,7.25,,4.095657049465196,8740570.65,9.975,55.94866666666667,3.2787238297414145,4.47640558559433,2565374.45,-21788.9,42.5064272627595,10.069714771717363,102.5646875,-4.812207752834874,0,350751.97000000067,10986.299999999996,31007.478399333333,41993.77839933333,984342.2800000003,308294.5492146881,159890.25,650483.25,0.31319852400801884,0.6608303465335247
201309,2013-14,Jul-Sep 2013,7.5,,1.0528358956497286,8833080.65,9.975,62.17596774193548,11.130383342949157,4.47640558559433,2686203.23,-5170.14,43.959596983874015,13.930903794484628,110.22859375,0.5474685228166187,0,92510.0,-115219.2,50720.667445161285,-64498.53255483871,1016489.1000000006,150543.65132837393,159890.25,646842.5,0.1481015894104264,0.6363496667106412
201312,2013-14,Oct-Dec 2013,7.75,,4.319569004509738,9222992.29,10.025,62.03409836065573,-0.228173981736135,4.47640558559433,2921070.04,-4097.48,39.607195598594885,17.248477203350845,109.22640625,-0.8365179744264095,0,389911.63999999873,-170591.6,133049.24534557379,-37542.35465442622,1189330.4799999995,-10601.8080674316,159890.25,643201.75,-0.008914097675720548,0.5408099437592824
201403,2013-14,Jan-Mar 2014,8.0,8.244297738053634,3.142072082980718,9517386.17,10.125,61.76033333333333,-0.44131378476847116,4.47640558559433,3060874.14,-1340.48,39.122290492806734,7.987086138818504,108.14193548387097,-3.8253916190042814,0,294393.8800000008,105087.9,20125.22222,125213.12221999999,1127567.4900000002,65166.013410068386,159890.25,639561.0,0.057793448275161224,0.5672041857113137
201406,2014-15,Apr-Jun 2014,8.0,7.859486107068089,2.6609657547201238,9774040.15,10.125,59.76775862068966,-3.2263017459593812,4.096299927631059,2914393.22,-7488.96,39.64329757577321,6.892183906958309,109.6940625,6.951100982002201,0,256653.98000000045,163286.84,14400.503529827587,177687.34352982757,1033469.5,200859.57854056262,168226.75,647897.5,0.19435462637316595,0.6269149694306412
201409,2014-15,Jul-Sep 2014,8.0,6.681568327827914,1.6001846742184966,9931700.91,10.125,60.589354838709674,1.3746478653051009,4.096299927631059,3053982.03,-10945.4,40.14445326933036,8.048659384830058,101.89984375,-7.555888827621004,0,157660.75999999978,360430.85,24621.938483225807,385052.7884832258,1098620.2599999998,650410.8995786272,168226.75,656234.0,0.5920252185943006,0.5973255945598529
201412,2014-15,Oct-Dec 2014,8.0,4.054537529024286,2.7718343525894085,10210842.0,10.125,62.005438596491224,2.337182433368379,4.096299927631059,3184917.06,-7721.38,38.16912792875493,2.3114880739459367,76.42921875,-30.026793543800213,0,279141.08999999985,483536.0900000001,22217.354719824558,505753.44471982465,987849.7100000009,1193706.698952878,168226.75,664570.5,1.208388975437242,0.6727445412723757
201503,2014-15,Jan-Mar 2015,7.5,5.2724402456772275,3.269166616842867,10550167.78,10.125,62.24783333333333,0.39092496130785914,4.096299927631059,3314666.8,-644.51,31.329695075082665,5.4655783314182385,53.97709677419355,-50.086803484071105,0,339325.77999999933,137057.71000000002,24901.00076833333,161958.71076833335,1032781.6099999994,1230452.2875012113,168226.75,672907.0,1.1913963955082547,0.6515482009792956
201506,2015-16,Apr-Jun 2015,7.25,5.090809217959206,2.443782478263401,10811167.07,9.85,63.48833333333334,1.992840446923183,3.868689218638125,3243543.36,-6132.48,32.51669044385253,4.538223021345604,61.65111111111111,-43.79722137548592,0,260999.29000000097,117483.74,37370.312301666665,154854.05230166667,1037126.9199999999,1207618.9962730506,176208.75,680889.0,1.1643888254998247,0.6565146337152256
201509,2015-16,Jul-Sep 2015,6.75,3.9483042408415088,1.6432801639464145,10990292.57,9.85,64.91126984126984,2.2412566738295725,3.868689218638125,3355884.42,-8558.84,32.71253824231281,-1.188128927498222,50.444923076923075,-50.49558348618854,0,179125.5,116823.79999999999,27440.91476904762,144264.7147690476,1058591.6600000001,966830.9225588723,176208.75,688871.0,0.9133180990287342,0.6507428936290693
201512,2015-16,Oct-Dec 2015,6.75,5.339794541213791,2.818721228456056,11304485.59,9.5,65.92830508474576,1.5668084231950985,3.868689218638125,3476632.47,-7121.28,30.104487626474725,3.4118928288163324,43.55692307692308,-43.01011604030942,0,314193.01999999955,159578.22,10219.151001355931,169797.37100135593,1093643.5899999999,630874.8488404036,176208.75,696853.0,0.576855983621139,0.6371847340137567
201603,2015-16,Jan-Mar 2016,6.75,5.259608548379628,2.732288757528778,11617615.1,9.5,67.50416666666666,2.390265576970707,3.868689218638125,3695813.63,-338.0,27.13311187041647,3.813191129388945,33.84274193548387,-37.30166319048103,0,313129.5099999998,-18713.079999999998,29619.950779166673,10906.870779166675,1067447.3200000003,479823.0088512369,176208.75,704835.0,0.44950509487553614,0.6602995640103343
201606,2016-17,Apr-Jun 2016,6.5,5.665679801665672,2.603415924260588,11924041.41,9.5,66.92311475409836,-0.8607645146373133,3.479921503665494,3639774.61,-401.0,27.685030633860247,6.680023280980355,45.566875,-26.089126085859494,0,306426.3100000005,-23821.36,9218.324441803281,-14603.03555819672,1112874.3399999999,310365.9209913735,184835.27,713461.52,0.27888676181658884,0.6410980057281221
201609,2016-17,Jul-Sep 2016,6.5,5.1673343334687205,4.637115588395346,12489993.51,9.5,66.96901639344263,0.06858861771890101,3.479921503665494,3754117.03,-3466.64,27.94420761758969,5.704042716127463,45.8010606060606,-9.205807418481104,0,565952.0999999996,3024.249999999999,13981.3224595082,17005.5724595082,1499700.9399999995,183106.77868183408,184835.27,722088.04,0.12209552838036772,0.48148802253868045
201612,2016-17,Oct-Dec 2016,6.25,3.748832287455439,-3.953964567775259,12005779.5,9.475000000000001,67.46864406779662,0.7460579552470703,3.479921503665494,3875006.7,-7975.78,29.6065653160185,1.8337187620206457,49.05222222222222,12.616362123638192,0,-484214.0099999998,-116855.26000000001,-125017.3733983051,-241872.6333983051,701293.9100000001,-228563.22571782695,184835.27,730714.5599999999,-0.32591645593760665,1.0419519542098972
201703,2016-17,Jan-Mar 2017,6.25,3.56891502972263,6.342712077303148,12791939.93,9.45,67.0449152542373,-0.6280381344755281,3.479921503665494,4122770.68,-3452.18,29.733756477129475,1.9982932942140301,53.59453125,58.363442749910654,0,786160.4299999997,57841.51000000001,18085.76815932204,75927.27815932204,1174324.83,-163542.81833767158,184835.27,739341.08,-0.13926540098591933,0.6295882204926212
201706,2017-18,Apr-Jun 2017,6.25,2.2075945422937484,-0.26207292070026256,12758459.61,9.35,64.45633333333333,-3.860966802758936,3.4585174564198247,4008915.96,-14978.99,29.65764147689109,-1.6273171444107708,49.5540625,8.750188596431062,0,-33480.3200000003,274505.02,7976.2134246666665,282481.2334246667,834418.1999999993,133541.45064519183,201462.43,755968.24,0.16004139248783397,0.9059824438153442
201709,2017-18,Jul-Sep 2017,6.0,2.976498830584166,3.2834448991351906,13184329.95,9.275,64.29435483870968,-0.2512995794935913,3.4585174564198247,4157246.35,-6955.66,28.219002315078107,3.405703592060931,52.099384615384615,13.751480699315044,0,425870.33999999985,406534.62,4571.264334677419,411105.8843346774,694336.4399999995,527641.762520361,201462.43,772595.3999999999,0.7599223260129648,1.1127104318477083
201712,2017-18,Oct-Dec 2017,6.0,4.556545747545604,0.18452996167006575,13208681.45,9.149999999999999,64.74949152542374,0.7078952543435824,3.4585174564198247,4339193.52,-13716.18,29.53609050921721,5.1436966289160795,61.39650793650794,25.165599345045297,0,24351.5,459714.02,20016.72255966102,479730.74255966104,1202901.9499999993,1249245.1384783273,201462.43,789222.56,1.0385261562493335,0.6560988283375886
201803,2017-18,Jan-Mar 2018,6.0,4.59478342971585,5.550706052376242,13962586.5,9.05,64.364,-0.5953583825015318,3.4585174564198247,4584686.0,-13066.38,28.37971530787496,1.294614547513025,66.86349206349206,24.758049942814008,0,753905.0500000007,14182.689999999999,29841.403140000002,44024.09314,1170646.5700000003,1217341.9534590053,201462.43,805849.72,1.0398885407907572,0.6883800291662749
201806,2018-19,Apr-Jun 2018,6.25,4.790508503950094,0.2906419232346025,14003226.66,9.075,67.01435483870968,4.1177596773191105,3.4361343518700718,4569369.11,-15803.47,30.06274249567309,1.49133618195408,74.53387096774195,50.40920402387179,0,40640.16000000015,-119355.7,23532.090701612902,-95823.60929838709,1244767.0500000007,839037.1107359513,205147.765,809535.055,0.674051510871814,0.6503506459300956
201809,2018-19,Jul-Sep 2018,6.5,3.8546211140700226,2.9529991559513746,14422907.92,9.149999999999999,70.034,4.505967667014055,3.4361343518700718,4656017.01,-19053.51,32.24429690861461,-2.115201777355994,75.07015384615386,44.09028897432721,0,419681.2599999998,-133358.66999999998,23294.288876,-110064.38112399998,1238577.9700000007,317866.84527727397,205147.765,813220.39,0.2566385427291863,0.6565758552931469
201812,2018-19,Oct-Dec 2018,6.5,2.6063839211870685,0.8752245056975028,14549694.77,9.2,72.10644067796609,2.9591922180170815,3.4361343518700718,4872998.34,-17751.94,31.26458203957874,-1.692727313606764,68.76387096774194,11.999645059378338,0,126786.84999999963,-157819.21000000002,1001.4863545762701,-156817.72364542374,1341013.3200000003,-318681.6209278108,205147.765,816905.725,-0.23764239786060493,0.6091704778890636
201903,2018-19,Jan-Mar 2019,6.25,2.4651225915393336,5.887759275918469,15432066.86,9.175,70.50728813559323,-2.217766578598468,3.4361343518700718,4801283.99,-4647.45,30.509302702559864,3.9549034417377595,63.09730158730159,-5.632655968094191,0,882372.0899999999,3387.6599999999985,24049.33091016949,27436.99091016949,1469480.3599999994,-335268.72315764136,205147.765,820591.06,-0.22815461321146308,0.5584226113780795
201906,2019-20,Apr-Jun 2019,5.75,3.0717695592508805,-0.10349308227866061,15416104.0,9.175,69.55052631578947,-1.3569686838101114,4.64419970582522,4951378.35,-15004.49,29.401007322802506,7.0378177089164495,69.03650793650795,-7.375657482774834,0,-15962.859999999404,17074.149999999998,19154.006295789477,36228.15629578948,1412877.3399999999,-203216.95756346476,242549.8775,857993.1725000001,-0.1438319886731744,0.6072665674572997
201909,2019-20,Jul-Sep 2019,5.4,3.47266683473492,2.549353561689216,15814167.46,9.175,70.3367741935484,1.1304700617059682,4.64419970582522,4868137.04,-7579.48,28.269154665401334,7.3026311597112,61.945757575757575,-17.482841845899188,0,398063.4600000009,97843.25,16036.784516129035,113880.03451612903,1391259.540000001,20727.45807666426,242549.8775,895395.285,0.014898340302963347,0.6435860881859609
201912,2019-20,Oct-Dec 2019,5.15,5.837140861480482,1.5610909891293545,16062978.03,8.925,71.232,1.2727706334501265,4.64419970582522,5135344.64,,27.078133708276297,11.442949503753951,63.26784615384615,-7.992605326820601,0,248810.56999999844,88432.85,5896.6561919999995,94329.506192,1513283.2599999998,271874.687914088,242549.8775,932797.3975,0.17965882204636827,0.61640634120277
202003,2019-20,Jan-Mar 2020,4.4,6.669901617923564,4.485958797643974,16799963.45,8.775,72.36098360655738,1.5849388007600274,4.64419970582522,5148732.82,,26.086160146061587,7.865086488146603,50.27484375,-20.321721396532944,0,736985.4199999999,-140492.49,20009.04210393443,-120483.44789606557,1367896.5899999999,123954.24910785293,242549.8775,970199.51,0.09061668112488894,0.7092637828711892
202006,2020-21,Apr-Jun 2020,4.0,6.573177742776333,3.0210660993443383,17315245.77,8.2,75.84931034482759,4.820728746912839,9.158266384931352,3893942.58,,21.768527664283653,2.5310561455213967,29.69901639344262,-56.98070878562332,1,515282.3200000003,-279931.69999999995,22755.399897931035,-257176.30010206893,1899141.7699999996,-169450.20729000546,508865.0,1236514.6325,-0.08922462238825146,0.6510912729279817
202009,2020-21,Jul-Sep 2020,4.0,6.895552248608908,2.422133159482698,17739764.53,8.2,74.38555555555556,-1.9298195100489135,9.158266384931352,4728281.28,,25.808741987532517,5.774122926371324,42.91230769230769,-30.725994205773677,1,424518.76000000164,-280360.85,14388.026083333334,-265972.8239166666,1925597.0700000003,-549303.065722801,508865.0,1502829.755,-0.2852637627470013,0.7804487129802289
202012,2020-21,Oct-Dec 2020,4.0,6.375940321197045,1.7634554274319925,18055371.99,8.05,73.74409836065574,-0.8623410689199362,9.158266384931352,5474171.37,,25.13431113106725,3.5812399322495096,44.31646153846154,-29.95421176390486,1,315607.45999999717,-243857.97,21891.74678344262,-221966.22321655738,1992393.959999999,-865598.7951313584,508865.0,1769144.8775,-0.4344516257875821,0.8879493278026204
202103,2020-21,Jan-Mar 2021,4.0,4.869867444579697,4.278196232000653,18844577.75,8.100000000000001,72.8865,-1.1629382957013545,9.158266384931352,5757700.77,,28.116308255109267,0.7735864268757867,61.03873015873016,21.41008426054065,1,789205.7600000016,-17426.860000000004,-3924.938025000001,-21351.798025000004,2044614.3000000007,-766467.1452602929,508865.0,2035460.0,-0.3748712631327545,0.9955227252396696
202106,2021-22,Apr-Jun 2021,4.0,5.593669058078174,1.7098649795038057,19169565.09,8.100000000000001,73.72661016949152,1.152627948236673,6.71481221959936,5178170.07,,31.674349013310337,4.0409712181445885,68.98180327868853,132.26965622309072,1,324987.33999999985,-3867.059999999997,18619.139312033898,14752.0793120339,1854319.3200000003,-494538.7658461901,326285.5,1852880.5,-0.26669557961904317,0.9992240710731525
202109,2021-22,Jul-Sep 2021,4.0,5.078817347553977,1.1757876948735202,19396288.76,8.05,74.09064516129033,0.4937633657127627,6.71481221959936,5627314.53,,32.946572460266374,-1.0756658774487133,73.50907692307692,71.3006847596171,0,226723.6700000018,73285.55,-5797.815255806452,67487.73474419356,1656524.2300000004,-161078.20718532993,326285.5,1670301.0,-0.09723866652124363,1.0083166727962678
202112,2021-22,Oct-Dec 2021,4.0,5.016349752533163,2.1471614697887276,19817261.71,8.025,74.95688524590163,1.16916256124584,6.71481221959936,6268323.17,,32.73945077074644,4.854143063562147,79.6090625,79.63767804635886,0,420972.94999999925,77703.27,9981.933451311475,87685.20345131148,1761889.7200000025,148573.21948253893,326285.5,1487721.5,0.08432606070403698,0.8443896817787199
202203,2021-22,Jan-Mar 2022,4.0,6.344005782303749,3.356558474290594,20493729.19,8.025,75.25,0.3910444692796222,6.71481221959936,6523590.76,,33.28060426954188,9.009439991136636,100.87234375,65.25957123892195,0,676467.4800000004,-15374.939999999999,1197.45325,-14177.486749999998,1649151.4400000013,155747.53075753892,326285.5,1305142.0,0.09444101189247896,0.7914021528550458
202206,2022-23,Apr-Jun 2022,4.9,7.281714750617444,0.826525117444632,20663816.95,8.025,77.2272131147541,2.6275257338924884,6.462344590003484,6499862.59,,36.181120157656935,11.321445500955129,113.83524590163934,65.02213698552004,0,170087.7599999979,-40143.26,2698.704962295082,-37444.55503770492,1494251.8599999994,103550.89640780012,416144.25,1395000.75,0.06929949306390702,0.9335780582531786
202209,2022-23,Jul-Sep 2022,5.9,7.0400221244468915,1.9603472844483605,21072896.11,8.275,79.81064516129032,3.345235367612487,6.462344590003484,6458024.66,,37.04630893754518,11.452655401240705,100.708125,37.00093813636831,0,409079.16000000015,-19105.870000000003,19870.376515161293,764.5065151612907,1676607.3499999978,36827.66817876785,416144.25,1484859.5,0.021965589127810936,0.8856334191783198
202212,2022-23,Oct-Dec 2022,6.25,6.120733549946393,3.663579912894477,21859234.62,8.75,82.20229508196722,2.9966552905863475,6.462344590003484,6827505.43,,33.790383853176124,2.9818364889880726,88.72365079365079,11.449184310706828,0,786338.5100000016,-34822.2,21118.427224918036,-13703.772775081961,2041972.9100000001,-64561.308047625585,416144.25,1574718.25,-0.03161712270101839,0.7711748977120367
202303,2022-23,Jan-Mar 2023,6.5,6.208194495065059,2.1923632441652074,22343760.32,9.375,82.25950819672131,0.06960038609267194,6.462344590003484,7105079.9,,32.66018866696613,3.971166965716096,81.0659375,-19.635120503482895,0,484525.69999999925,9277.570000000002,29458.281518360658,38735.85151836066,1850031.129999999,-11647.969779264939,416144.25,1664577.0,-0.006296093936140926,0.8997562111292694
202306,2023-24,Apr-Jun 2023,6.5,4.6265674932592775,4.724596898775957,23424748.01,9.425,82.21169491525423,-0.058124929889857846,5.492963585131136,7211627.74,,30.05042716576183,2.273231164063801,77.98783333333334,-31.49060933138439,0,1080987.6900000013,29332.6,17642.21867033898,46974.81867033898,2760931.0600000024,72771.40392877896,458053.655,1706486.405,0.02635755922452439,0.6180836710207457
202309,2023-24,Jul-Sep 2023,6.5,6.428907125563477,0.3390208568095687,23504297.56,9.475,82.64868852459016,0.5315467705493626,5.492963585131136,7240697.12,,31.571270528460378,10.10261630856816,86.65140625,-13.957879515679593,0,79549.54999999702,71455.47,26523.451823934425,97978.92182393442,2431401.4499999993,169985.8192375521,458053.655,1748395.81,0.06991269139761028,0.7190897290943051
202312,2023-24,Oct-Dec 2023,6.5,5.37031126433154,3.6468164169715322,24377277.38,9.6,83.271,0.7529598914624014,5.492963585131136,7709665.37,,30.272644479250594,7.109909579867272,84.01238095238095,-5.310049574297937,0,872979.8200000003,171129.48,32648.477325000003,203777.95732500002,2518042.759999998,387467.5493376341,458053.655,1790305.215,0.15387647719597677,0.7109907915145974
202403,2023-24,Jan-Mar 2024,6.5,5.014307005632383,2.281590131333644,24939860.45,9.675,83.0306779661017,-0.28860231520972945,5.492963585131136,7960965.7,,30.308048937082336,7.007128732685572,82.91968253968254,2.286712640167199,0,562583.0700000003,173306.51,44533.005943050855,217839.51594305085,2596100.129999999,566571.2137623243,458053.655,1832214.62,0.2182393534113511,0.7057565302768198
202406,2024-25,Apr-Jun 2024,6.5,4.904469177984187,3.3562296968710825,25791104.4,9.75,83.42224137931034,0.47158884258236,4.746341176496407,7907894.21,,30.190752688513072,9.713980223033928,84.68209677419355,8.583727941572361,0,851243.9499999993,211845.0,33574.19868775862,245419.19868775862,2366356.389999997,765015.5937797439,448155.0825,1822316.0475,0.3232884095619024,0.7700936575745475
202409,2024-25,Jul-Sep 2024,6.5,4.244828638650573,0.6308573994939337,25954323.79,9.75,83.7631746031746,0.4086838452518782,4.746341176496407,7840345.08,,30.59283244857235,6.0098173916142885,80.00507692307693,-7.670192111767449,0,163219.3900000006,256501.33000000002,51659.9327784127,308161.2627784127,2450026.2300000004,975197.9347342222,448155.0825,1812417.475,0.39803571194183585,0.7397543147936011
202412,2024-25,Oct-Dec 2024,6.5,5.6348903908089625,2.380067026799537,26579463.96,9.75,84.45786885245901,0.8293552060025133,4.746341176496407,8502371.93,,29.42366744599607,10.163948432083295,74.65609375,-11.13679566787209,0,625140.1700000018,40231.42,26529.061185245904,66760.48118524591,2202186.580000002,838180.4585944681,448155.0825,1802518.9025,0.3806128264547263,0.8185132535409413
202503,2024-25,Jan-Mar 2025,6.25,3.7339031719274183,2.625643903584063,27286588.7,9.75,86.62266666666666,2.563168883635192,4.746341176496407,8817534.15,,28.410651040499037,3.678181966986726,75.87460317460318,-8.49626909956852,0,707124.7399999984,-12891.4,24515.60062933333,11624.20062933333,2346728.25,631965.1432807506,448155.0825,1792620.33,0.26929626098835713,0.76388066236472
202506,2025-26,Apr-Jun 2025,5.5,2.695618054375904,3.4006008099147778,28230454.25,9.75,85.89783333333334,-0.8367709760339737,,8605364.53,,29.13505129050007,-1.5330491179992858,68.06704918032787,-19.620496216774164,0,943865.5500000007,-39768.67,31044.765434166668,-8723.90456583333,2439349.8500000015,377822.0400271586,492305.26,1836770.5075,0.15488636860643765,0.7529754321627949
202509,2025-26,Jul-Sep 2025,5.5,1.7068563470168607,0.42356055928074454,28350280.91,9.4,87.27380952380952,1.6018753175491618,,8525069.52,,31.108943602463658,-4.8405050483132674,69.03123076923076,-13.716437226099131,0,119826.66000000015,-28005.37,21416.38194047619,-6588.98805952381,2395957.120000001,63071.7891892221,492305.26,1880920.685,0.026324256249303023,0.7850393770820069
